,asset,volumeUSD
0,btc,33077179575.740627
1,eth,8631282844.811169
2,sol,2092279624.7927284
3,xrp,1873854384.1162114
4,ltc,1053274308.4425219
5,doge,995413896.589251
6,bnb,809611232.9741194
7,matic,581664102.3363501
8,ada,559271154.9301693
9,trx,452009138.62296695
10,shib,391286955.4059438
11,avax,265136713.1624309
12,dot,219230166.74693388
13,uni,113488400.3574415
